{
    "上海": [121.4648, 31.2891],
    "云南": [102.9199, 25.4663],
    "内蒙古": [110.3467, 41.4899],
    "北京": [116.4551, 40.2539],
    "台湾": [121.5135, 25.0308],
    "吉林": [125.8154, 44.2584],
    "四川": [103.9526, 30.7617],
    "天津": [117.4219, 39.4189],
    "宁夏": [106.3586, 38.1775],
    "安徽": [117.29, 32.0581],
    "山东": [117.1582, 36.8701],
    "山西": [112.3352, 37.9413],
    "广东": [113.12244, 23.009505],
    "广西": [108.479, 23.1152],
    "新疆": [87.9236, 43.5883],
    "江苏": [118.8062, 31.9208],
    "江西": [116.0046, 28.6633],
    "河北": [114.4995, 38.1006],
    "河南": [113.4668, 34.6234],
    "浙江": [119.5313, 29.8773],
    "海南": [110.3893, 19.8516],
    "湖北": [114.3896, 30.6628],
    "湖南": [113.0823, 28.2568],
    "甘肃": [103.5901, 36.3043],
    "福建": [119.4543, 25.9222],
    "西藏": [91.11, 29.97],
    "贵州": [106.6992, 26.7682],
    "辽宁": [123.1238, 42.1216],
    "重庆": [108.384366, 30.439702],
    "陕西": [109.1162, 34.2004],
    "青海": [101.4038, 36.8207],
    "黑龙江": [127.9688, 45.368],
    "不丹": [90.433601, 27.514162],
    "东帝汶": [125.727539, -8.874217],
    "中国": [104.195397, 35.86166],
    "中非共和国": [20.939444, 6.611110999999999],
    "丹麦": [9.501785, 56.26392],
    "乌克兰": [31.16558, 48.379433],
    "乌兹别克斯坦": [64.585262, 41.377491],
    "乌干达": [32.290275, 1.373333],
    "乌拉圭": [-55.765835, -32.522779],
    "乍得": [18.732207, 15.454166],
    "也门": [48.516388, 15.552727],
    "亚美尼亚": [45.038189, 40.069099],
    "以色列": [34.851612, 31.046051],
    "伊拉克": [43.679291, 33.223191],
    "伊朗": [53.688046, 32.427908],
    "伯利兹": [-88.49765, 17.189877],
    "俄罗斯": [105.318756, 61.52401],
    "保加利亚": [25.48583, 42.733883],
    "克罗地亚": [15.2, 45.1],
    "冈比亚": [-15.310139, 13.443182],
    "冰岛": [-19.020835, 64.963051],
    "几内亚": [-9.696645, 9.945587],
    "几内亚比绍": [-15.180413, 11.803749],
    "刚果共和国": [15.827659, -0.228021],
    "刚果民主共和国": [21.758664, -4.038333],
    "利比亚": [17.228331, 26.3351],
    "利比里亚": [-9.429499000000002, 6.428055],
    "加拿大": [-106.346771, 56.130366],
    "加纳": [-1.023194, 7.946527],
    "加蓬": [11.609444, -0.803689],
    "匈牙利": [19.503304, 47.162494],
    "北塞浦路斯": [33.429859, 35.126413],
    "朝鲜": [127.510093, 40.339852],
    "南苏丹": [31.3069788, 6.876991899999999],
    "南非": [22.937506, -30.559482],
    "博茨瓦纳": [24.684866, -22.328474],
    "卡塔尔": [51.183884, 25.354826],
    "卢旺达": [29.873888, -1.940278],
    "卢森堡": [6.129582999999999, 49.815273],
    "印尼": [113.921327, -0.789275],
    "印度": [78.96288, 20.593684],
    "印度尼西亚": [106.515414, -6.10304],
    "危地马拉": [-90.23075899999999, 15.783471],
    "厄瓜多尔": [-78.18340599999999, -1.831239],
    "厄立特里亚": [39.782334, 15.179384],
    "叙利亚": [38.996815, 34.80207499999999],
    "古巴": [-77.781167, 21.521757],
    "吉尔吉斯斯坦": [74.766098, 41.20438],
    "吉布提": [42.590275, 11.825138],
    "哈萨克斯坦": [66.923684, 48.019573],
    "哥伦比亚": [-74.297333, 4.570868],
    "哥斯达黎加": [-83.753428, 9.748916999999999],
    "喀麦隆": [12.354722, 7.369721999999999],
    "土库曼斯坦": [59.556278, 38.969719],
    "土耳其": [35.243322, 38.963745],
    "圭亚那": [-58.93018, 4.860416],
    "坦桑尼亚联合共和国": [34.888822, -6.369028],
    "埃及": [30.802498, 26.820553],
    "埃塞俄比亚": [40.489673, 9.145000000000001],
    "塔吉克斯坦": [71.276093, 38.861034],
    "塞内加尔": [-14.452362, 14.497401],
    "塞尔维亚共和国": [21.005859, 44.016521],
    "塞拉利昂": [-11.779889, 8.460555],
    "塞浦路斯": [33.429859, 35.126413],
    "墨西哥": [-102.552784, 23.634501],
    "多哥": [0.824782, 8.619543],
    "多明尼加共和国": [-70.162651, 18.735693],
    "奥地利": [14.550072, 47.516231],
    "委内瑞拉": [-66.58973, 6.42375],
    "孟加拉国": [90.356331, 23.684994],
    "安哥拉": [17.873887, -11.202692],
    "尼加拉瓜": [-85.207229, 12.865416],
    "尼日利亚": [8.675277, 9.081999],
    "尼日尔": [8.081666, 17.607789],
    "尼泊尔": [84.12400799999999, 28.394857],
    "巴哈马": [-77.39627999999999, 25.03428],
    "巴基斯坦": [69.34511599999999, 30.375321],
    "巴布亚新几内亚": [143.95555, -6.314992999999999],
    "巴拉圭": [-58.443832, -23.442503],
    "巴拿马": [-80.782127, 8.537981],
    "巴西": [-51.92528, -14.235004],
    "布基纳法索": [-1.561593, 12.238333],
    "布隆迪": [29.918886, -3.373056],
    "希腊": [21.824312, 39.074208],
    "德国": [10.451526, 51.165691],
    "意大利": [12.56738, 41.87194],
    "所罗门群岛": [160.156194, -9.64571],
    "拉脱维亚": [24.603189, 56.879635],
    "挪威": [8.468945999999999, 60.47202399999999],
    "捷克共和国": [15.472962, 49.81749199999999],
    "摩尔多瓦": [28.369885, 47.411631],
    "摩洛哥": [-7.092619999999999, 31.791702],
    "文莱": [114.727669, 4.535277],
    "斐": [178.065032, -17.713371],
    "斯威士兰": [31.465866, -26.522503],
    "斯洛伐克": [19.699024, 48.669026],
    "斯洛文尼亚": [14.995463, 46.151241],
    "斯里兰卡": [80.77179699999999, 7.873053999999999],
    "新喀里多尼亚": [165.618042, -20.904305],
    "新西兰": [174.885971, -40.900557],
    "日本": [138.252924, 36.204824],
    "智利": [-71.542969, -35.675147],
    "柬埔寨": [104.990963, 12.565679],
    "格陵兰": [-42.604303, 71.706936],
    "格鲁吉亚": [43.711615,41.999919],
    "比利时": [4.469936, 50.503887],
    "毛里塔尼亚": [-10.940835, 21.00789],
    "沙特阿拉伯": [45.079162, 23.885942],
    "法国": [2.213749, 46.227638],
    "法属南半球和南极领地": [69.348557, -49.280366],
    "法属圭亚那": [-53.125782, 3.933889],
    "波兰": [19.145136, 51.919438],
    "波多黎各": [-66.590149, 18.220833],
    "波斯尼亚和黑塞哥维那": [17.679076, 43.915886],
    "泰国": [100.992541, 15.870032],
    "津巴布韦": [29.154857, -19.015438],
    "洪都拉斯": [-86.241905, 15.199999],
    "海地": [-72.285215, 18.971187],
    "澳大利亚": [133.775136, -25.274398],
    "爱尔兰": [-8.24389, 53.41291],
    "爱沙尼亚": [25.013607, 58.595272],
    "牙买加": [-77.297508, 18.109581],
    "特里尼达和多巴哥": [-61.222503, 10.691803],
    "玻利维亚": [-63.58865299999999, -16.290154],
    "瑞典": [18.643501, 60.12816100000001],
    "瑞士": [8.227511999999999, 46.818188],
    "瓦努阿图": [166.959158, -15.376706],
    "白俄罗斯": [27.953389, 53.709807],
    "百慕大": [-64.7505, 32.3078],
    "福克兰群岛": [-59.523613, -51.796253],
    "科威特": [47.481766, 29.31166],
    "科摩罗": [43.872219, -11.875001],
    "科索沃": [20.902977, 42.6026359],
    "秘鲁": [-75.015152, -9.189967],
    "突尼斯": [9.537499, 33.886917],
    "立陶宛": [23.881275, 55.169438],
    "索马里": [46.199616, 5.152149],
    "索马里兰": [46.8252838, 9.411743399999999],
    "约旦": [36.238414, 30.585164],
    "纳米比亚": [18.49041, -22.95764],
    "缅甸": [95.956223, 21.913965],
    "罗马尼亚": [24.96676, 45.943161],
    "美国": [-95.712891, 37.09024],
    "老挝": [102.495496, 19.85627],
    "肯尼亚": [37.906193, -0.023559],
    "芬兰": [25.748151, 61.92410999999999],
    "苏丹": [30.217636, 12.862807],
    "苏里南": [-56.027783, 3.919305],
    "英国": [-3.435973, 55.378051],
    "荷兰": [5.291265999999999, 52.132633],
    "莫桑比克": [35.529562, -18.665695],
    "莱索托": [28.233608, -29.609988],
    "菲律宾": [121.774017, 12.879721],
    "萨尔瓦多": [-88.89653, 13.794185],
    "葡萄牙": [-8.224454, 39.39987199999999],
    "蒙古": [103.846656, 46.862496],
    "西岸": [35.3027226, 31.9465703],
    "西撒哈拉": [-12.885834, 24.215527],
    "西班牙": [-3.74922, 40.46366700000001],
    "象牙海岸": [-5.547079999999999, 7.539988999999999],
    "贝宁": [2.315834, 9.30769],
    "赞比亚": [27.849332, -13.133897],
    "赤道几内亚": [10.267895, 1.650801],
    "越南": [108.277199, 14.058324],
    "阿塞拜疆": [47.576927, 40.143105],
    "阿富汗": [67.709953, 33.93911],
    "阿尔及利亚": [1.659626, 28.033886],
    "阿尔巴尼亚": [20.168331, 41.153332],
    "阿曼": [55.923255, 21.512583],
    "阿根廷": [-63.61667199999999, -38.416097],
    "阿联酋": [53.847818, 23.424076],
    "韩国": [127.766922, 35.907757],
    "马其顿": [21.745275, 41.608635],
    "马拉维": [34.301525, -13.254308],
    "马来西亚": [101.975766, 4.210484],
    "马达加斯加": [46.869107, -18.766947],
    "马里": [-3.996166, 17.570692],
    "黎巴嫩": [35.862285, 33.854721],
    "黑山": [19.37439, 42.708678],
    "安道尔共和国": [1.32, 42.31],
    "阿拉伯联合酋长国": [54.22,24.28],
    "安提瓜和巴布达": [-61.48,17.20],
    "阿美尼亚": [44.31,40.10],
    "佛得角": [-23.34,15.02],
    "波黑": [43.8476, 18.3564],
    "阿鲁巴": [-70.02,12.32],
    "巴巴多斯": [-59.30,13.05],
    "巴林": [50.30,26.10],
    "百慕大群岛": [-64.765816,32.289895],
    "开曼群岛": [-81.24,19.20],
    "海峡群岛": [-2.15306,49.227503],
    "法罗群岛": [-6.56,62.05],